<?xml version="1.0" encoding="UTF-8"?>
<!DOCTYPE hibernate-configuration PUBLIC
	"-//Hibernate/Hibernate Configuration DTD 3.0//EN"
	"http://www.hibernate.org/dtd/hibernate-configuration-3.0.dtd">
<hibernate-configuration>
<session-factory>
<property name="connection.driver_class">com.mysql.jdbc.Driver</property>
<property name="connection.url">jdbc:mysql://localhost:3306/railway</property>
<property name="connection.username">root</property>
<property name="connection.password">sk8006424</property>
<property name="dialect">org.hibernate.dialect.MySQL55Dialect</property>
<property name="hbm2ddl.auto">update</property>
<property name="show_sql">true</property>
<mapping class="com.railway.entity.User"/>
<mapping class="com.railway.entity.CrossingStation" />
<mapping class="com.railway.entity.FavoriteStation" />
<mapping class="com.railway.admin.Admin"/>
</session-factory>
</hibernate-configuration>